URLs,subdirectory1,subdirectory2,subdirectory3
https://www.tradingview.com/sparks/work/,sparks,work,
https://www.tradingview.com/sparks/play/,sparks,play,
https://www.tradingview.com/sparks/home/,sparks,home,
https://www.tradingview.com/sparks/industry-infrastructure/,sparks,industry-infrastructure,
https://www.tradingview.com/sparks/transport-logistics/,sparks,transport-logistics,
https://www.tradingview.com/sparks/finance/,sparks,finance,
https://www.tradingview.com/sparks/crypto/,sparks,crypto,
https://www.tradingview.com/sparks/environment-inclusion/,sparks,environment-inclusion,
https://www.tradingview.com/sparks/countries/,sparks,countries,
https://www.tradingview.com/sparks/miscellaneous/,sparks,miscellaneous,
https://www.tradingview.com/sparks/entries/football-stocks-or-soccer-stocks/,sparks,entries,football-stocks-or-soccer-stocks
https://www.tradingview.com/sparks/entries/food-delivery-stocks-feeding-the-masses/,sparks,entries,food-delivery-stocks-feeding-the-masses
https://www.tradingview.com/sparks/entries/sports-betting-stocks-gamble-responsibly/,sparks,entries,sports-betting-stocks-gamble-responsibly
https://www.tradingview.com/sparks/entries/global-fintech-index/,sparks,entries,global-fintech-index
https://www.tradingview.com/sparks/entries/gambling-stocks-fancy-a-flutter/,sparks,entries,gambling-stocks-fancy-a-flutter
https://www.tradingview.com/sparks/entries/taas-stocks-moving-on-up/,sparks,entries,taas-stocks-moving-on-up
https://www.tradingview.com/sparks/entries/gold-stocks-all-that-glitters/,sparks,entries,gold-stocks-all-that-glitters
https://www.tradingview.com/sparks/entries/bermuda-stocks-can-anyone-say-tax-haven/,sparks,entries,bermuda-stocks-can-anyone-say-tax-haven
https://www.tradingview.com/sparks/entries/privacy-crypto-coins-private-or-fraudulent/,sparks,entries,privacy-crypto-coins-private-or-fraudulent
https://www.tradingview.com/sparks/entries/memecoins-top-meme-tokens/,sparks,entries,memecoins-top-meme-tokens
https://www.tradingview.com/sparks/entries/interest-earning-crypto-wallets-put-your-digital-money-to-work/,sparks,entries,interest-earning-crypto-wallets-put-your-digital-money-to-work
https://www.tradingview.com/sparks/entries/tobacco-stocks-lighting-up-your-portfolio/,sparks,entries,tobacco-stocks-lighting-up-your-portfolio
https://www.tradingview.com/sparks/entries/us-tech-stocks-the-major-players/,sparks,entries,us-tech-stocks-the-major-players
https://www.tradingview.com/sparks/entries/video-game-crypto-top-gaming-tokens/,sparks,entries,video-game-crypto-top-gaming-tokens
https://www.tradingview.com/sparks/entries/metaverse-stocks-real-gains/,sparks,entries,metaverse-stocks-real-gains
https://www.tradingview.com/sparks/entries/cannabis-stocks-lets-get-high-returns/,sparks,entries,cannabis-stocks-lets-get-high-returns
https://www.tradingview.com/sparks/entries/football-fan-tokens-marketing-ploy-or-fan-service/,sparks,entries,football-fan-tokens-marketing-ploy-or-fan-service
https://www.tradingview.com/sparks/entries/video-game-stocks-thumbs-at-the-ready/,sparks,entries,video-game-stocks-thumbs-at-the-ready
https://www.tradingview.com/sparks/entries/mining-stocks-digging-for-profit/,sparks,entries,mining-stocks-digging-for-profit
https://www.tradingview.com/sparks/entries/top-altcoins-choose-your-alternatives-carefully/,sparks,entries,top-altcoins-choose-your-alternatives-carefully
https://www.tradingview.com/sparks/entries/covid-stocks-remote-returns/,sparks,entries,covid-stocks-remote-returns
https://www.tradingview.com/sparks/entries/mamaa-stocks-move-over-faang/,sparks,entries,mamaa-stocks-move-over-faang
https://www.tradingview.com/sparks/entries/big-software-stocks-red-pill-gains/,sparks,entries,big-software-stocks-red-pill-gains
https://www.tradingview.com/sparks/entries/newspaper-stocks-read-all-about-it/,sparks,entries,newspaper-stocks-read-all-about-it
https://www.tradingview.com/sparks/entries/reits-upsizing-real-estate-stocks/,sparks,entries,reits-upsizing-real-estate-stocks
https://www.tradingview.com/sparks/entries/derivatives-tokens-de-fi-does-it-again/,sparks,entries,derivatives-tokens-de-fi-does-it-again
https://www.tradingview.com/sparks/entries/gen-1-crypto-from-little-acorns-grow/,sparks,entries,gen-1-crypto-from-little-acorns-grow
https://www.tradingview.com/sparks/entries/5g-stocks-super-mega-fast-downloads/,sparks,entries,5g-stocks-super-mega-fast-downloads
https://www.tradingview.com/sparks/entries/low-cost-airline-stocks-cheap-and-local/,sparks,entries,low-cost-airline-stocks-cheap-and-local
https://www.tradingview.com/sparks/entries/storage-crypto-crypto-meets-dropbox/,sparks,entries,storage-crypto-crypto-meets-dropbox
https://www.tradingview.com/sparks/entries/soda-stocks-soft-drink-companies/,sparks,entries,soda-stocks-soft-drink-companies
https://www.tradingview.com/sparks/entries/casual-dining-stocks-meals-for-the-modern-age/,sparks,entries,casual-dining-stocks-meals-for-the-modern-age
https://www.tradingview.com/sparks/entries/downstream-oil-petroleum-through-the-pipes/,sparks,entries,downstream-oil-petroleum-through-the-pipes
https://www.tradingview.com/sparks/entries/weed-stocks-a-growing-industry/,sparks,entries,weed-stocks-a-growing-industry
https://www.tradingview.com/sparks/entries/environmentally-friendly-stocks-going-green/,sparks,entries,environmentally-friendly-stocks-going-green
https://www.tradingview.com/sparks/entries/death-industry-stocks-businesses-to-die-for/,sparks,entries,death-industry-stocks-businesses-to-die-for
https://www.tradingview.com/sparks/entries/space-stocks-to-infinity-and-beyond/,sparks,entries,space-stocks-to-infinity-and-beyond
https://www.tradingview.com/sparks/entries/casino-stocks-on-the-house/,sparks,entries,casino-stocks-on-the-house
https://www.tradingview.com/sparks/entries/gamam-stocks-the-famous-five/,sparks,entries,gamam-stocks-the-famous-five
https://www.tradingview.com/sparks/entries/egyptian-stocks-endless-wonders/,sparks,entries,egyptian-stocks-endless-wonders
https://www.tradingview.com/sparks/entries/mid-weight-oncology-stocks-the-dark-horses-of-cancer-research/,sparks,entries,mid-weight-oncology-stocks-the-dark-horses-of-cancer-research
https://www.tradingview.com/sparks/entries/gen-2-crypto-is-here-to-stay-and-its-brought-some-friends/,sparks,entries,gen-2-crypto-is-here-to-stay-and-its-brought-some-friends
https://www.tradingview.com/sparks/entries/fintech-stocks-shaking-things-up/,sparks,entries,fintech-stocks-shaking-things-up
https://www.tradingview.com/sparks/entries/upstream-oil-liquid-gold-extractors/,sparks,entries,upstream-oil-liquid-gold-extractors
https://www.tradingview.com/sparks/entries/trading-stocks-brokers-and-apps-to-trade/,sparks,entries,trading-stocks-brokers-and-apps-to-trade
https://www.tradingview.com/sparks/entries/philippines-prosperous-and-packed-with-beauty/,sparks,entries,philippines-prosperous-and-packed-with-beauty
https://www.tradingview.com/sparks/entries/famous-meme-stocks-stonks-that-only-go-up-apparently/,sparks,entries,famous-meme-stocks-stonks-that-only-go-up-apparently
https://www.tradingview.com/sparks/entries/shoe-stocks-sole-of-the-party/,sparks,entries,shoe-stocks-sole-of-the-party
https://www.tradingview.com/sparks/entries/coffee-stocks-top-caffeine-companies/,sparks,entries,coffee-stocks-top-caffeine-companies
https://www.tradingview.com/sparks/entries/legacy-stocks-keeping-it-in-the-family/,sparks,entries,legacy-stocks-keeping-it-in-the-family
https://www.tradingview.com/sparks/entries/semiconductor-stocks-spark-central/,sparks,entries,semiconductor-stocks-spark-central
https://www.tradingview.com/sparks/entries/famous-slogans-theyre-grrrreat/,sparks,entries,famous-slogans-theyre-grrrreat
https://www.tradingview.com/sparks/entries/real-estate-stocks-the-biggest-reits-on-the-market/,sparks,entries,real-estate-stocks-the-biggest-reits-on-the-market
https://www.tradingview.com/sparks/entries/strange-stocks-weird-public-companies/,sparks,entries,strange-stocks-weird-public-companies
https://www.tradingview.com/sparks/entries/us-food-companies-stocks-to-whet-your-appetite/,sparks,entries,us-food-companies-stocks-to-whet-your-appetite
https://www.tradingview.com/sparks/entries/nba-stocks-nothin-but-net-gains/,sparks,entries,nba-stocks-nothin-but-net-gains
https://www.tradingview.com/sparks/entries/wheat-stocks-grain-gains/,sparks,entries,wheat-stocks-grain-gains
https://www.tradingview.com/sparks/entries/non-fungible-tokens-nft-related-coins/,sparks,entries,non-fungible-tokens-nft-related-coins
https://www.tradingview.com/sparks/entries/hardware-stocks-major-companies-making-the-perfect-build/,sparks,entries,hardware-stocks-major-companies-making-the-perfect-build
https://www.tradingview.com/sparks/entries/alt-forks-the-path-less-traveled-but-still-pretty-profitable/,sparks,entries,alt-forks-the-path-less-traveled-but-still-pretty-profitable
https://www.tradingview.com/sparks/entries/reddit-stocks-yolo/,sparks,entries,reddit-stocks-yolo
https://www.tradingview.com/sparks/entries/amm-coins-automation-is-coming-to-a-farm-near-you/,sparks,entries,amm-coins-automation-is-coming-to-a-farm-near-you
https://www.tradingview.com/sparks/entries/movie-stocks-movie-production-companies/,sparks,entries,movie-stocks-movie-production-companies
https://www.tradingview.com/sparks/entries/construction-stocks-building-your-portfolio/,sparks,entries,construction-stocks-building-your-portfolio
https://www.tradingview.com/sparks/entries/credit-card-stocks-plastic-fantastic/,sparks,entries,credit-card-stocks-plastic-fantastic
https://www.tradingview.com/sparks/entries/beef-stocks-cattle-and-meat-investments/,sparks,entries,beef-stocks-cattle-and-meat-investments
https://www.tradingview.com/sparks/entries/ai-stocks-rise-of-the-machines/,sparks,entries,ai-stocks-rise-of-the-machines
https://www.tradingview.com/sparks/entries/sex-stocks-full-exposure/,sparks,entries,sex-stocks-full-exposure
https://www.tradingview.com/sparks/entries/political-stocks-the-corridors-of-power/,sparks,entries,political-stocks-the-corridors-of-power
https://www.tradingview.com/sparks/entries/post-covid-stocks-the-grand-reopening/,sparks,entries,post-covid-stocks-the-grand-reopening
https://www.tradingview.com/sparks/entries/bachelor-party-stocks-everything-but-the-hangover/,sparks,entries,bachelor-party-stocks-everything-but-the-hangover
https://www.tradingview.com/sparks/entries/airline-stocks-ready-for-take-off/,sparks,entries,airline-stocks-ready-for-take-off
https://www.tradingview.com/sparks/entries/big-oil-integrated-energy-companies/,sparks,entries,big-oil-integrated-energy-companies
https://www.tradingview.com/sparks/entries/turkish-stocks-exports-ahoy/,sparks,entries,turkish-stocks-exports-ahoy
https://www.tradingview.com/sparks/entries/health-and-wellness-a-stock-a-day-keeps-the-doctor-away/,sparks,entries,health-and-wellness-a-stock-a-day-keeps-the-doctor-away
https://www.tradingview.com/sparks/entries/luxury-fashion-stocks-house-of-style/,sparks,entries,luxury-fashion-stocks-house-of-style
https://www.tradingview.com/sparks/entries/leisure-stocks-rest-and-invest/,sparks,entries,leisure-stocks-rest-and-invest
https://www.tradingview.com/sparks/entries/gen-3-crypto-a-new-day-dawns/,sparks,entries,gen-3-crypto-a-new-day-dawns
https://www.tradingview.com/sparks/entries/low-cap-pot-small-cannabis-companies/,sparks,entries,low-cap-pot-small-cannabis-companies
https://www.tradingview.com/sparks/entries/interoperability-crypto-communication-station/,sparks,entries,interoperability-crypto-communication-station
https://www.tradingview.com/sparks/entries/auto-stocks-famous-car-brands/,sparks,entries,auto-stocks-famous-car-brands
https://www.tradingview.com/sparks/entries/auto-stocks-asian-car-makers/,sparks,entries,auto-stocks-asian-car-makers
https://www.tradingview.com/sparks/entries/shipping-stocks-delivering-returns-247/,sparks,entries,shipping-stocks-delivering-returns-247
https://www.tradingview.com/sparks/entries/home-appliance-stocks-essential-equities/,sparks,entries,home-appliance-stocks-essential-equities
https://www.tradingview.com/sparks/entries/small-cap-video-game-stocks-the-indie-players/,sparks,entries,small-cap-video-game-stocks-the-indie-players
https://www.tradingview.com/sparks/entries/uae-stocks-desert-glory/,sparks,entries,uae-stocks-desert-glory
https://www.tradingview.com/sparks/entries/alcohol-stocks-fancy-a-shot/,sparks,entries,alcohol-stocks-fancy-a-shot
https://www.tradingview.com/sparks/entries/bitcoin-variants-hard-forking-the-og/,sparks,entries,bitcoin-variants-hard-forking-the-og
https://www.tradingview.com/sparks/entries/trucking-stocks-keep-on-truckin/,sparks,entries,trucking-stocks-keep-on-truckin
https://www.tradingview.com/sparks/entries/movie-theater-stocks-roll-out-the-red-carpet/,sparks,entries,movie-theater-stocks-roll-out-the-red-carpet
https://www.tradingview.com/sparks/entries/us-software-stocks-overlooked-operating-systems/,sparks,entries,us-software-stocks-overlooked-operating-systems
https://www.tradingview.com/sparks/entries/lumber-stocks-wood-and-forestry-companies/,sparks,entries,lumber-stocks-wood-and-forestry-companies
https://www.tradingview.com/sparks/entries/oil-stocks-liquid-black-gold/,sparks,entries,oil-stocks-liquid-black-gold
https://www.tradingview.com/sparks/entries/wallstreetbets-stocks-apes-together-strong/,sparks,entries,wallstreetbets-stocks-apes-together-strong
https://www.tradingview.com/sparks/entries/marijuana-stocks-smokin-hot-pot/,sparks,entries,marijuana-stocks-smokin-hot-pot
https://www.tradingview.com/sparks/entries/elon-musk-stocks-musk-haves/,sparks,entries,elon-musk-stocks-musk-haves
https://www.tradingview.com/sparks/entries/us-fashion-stocks-strut-your-stuff/,sparks,entries,us-fashion-stocks-strut-your-stuff
https://www.tradingview.com/sparks/entries/asset-management-get-your-assets-in-gear/,sparks,entries,asset-management-get-your-assets-in-gear
https://www.tradingview.com/sparks/entries/south-korean-stocks-electric-opportunities/,sparks,entries,south-korean-stocks-electric-opportunities
https://www.tradingview.com/sparks/entries/nfl-stocks-the-whole-nine-yards/,sparks,entries,nfl-stocks-the-whole-nine-yards
https://www.tradingview.com/sparks/entries/cryptocurrency-stocks-stacking-satoshis/,sparks,entries,cryptocurrency-stocks-stacking-satoshis
https://www.tradingview.com/sparks/entries/food-stocks-companies-with-the-right-ingredients/,sparks,entries,food-stocks-companies-with-the-right-ingredients
https://www.tradingview.com/sparks/entries/blockchain-stocks-here-come-the-institutions/,sparks,entries,blockchain-stocks-here-come-the-institutions
https://www.tradingview.com/sparks/entries/indian-stocks-racing-ahead/,sparks,entries,indian-stocks-racing-ahead
https://www.tradingview.com/sparks/entries/exchange-based-tokens-follow-the-leader/,sparks,entries,exchange-based-tokens-follow-the-leader
https://www.tradingview.com/sparks/entries/meat-stocks-sink-your-teeth-into-these/,sparks,entries,meat-stocks-sink-your-teeth-into-these
https://www.tradingview.com/sparks/entries/fang-stocks-who-needs-apple/,sparks,entries,fang-stocks-who-needs-apple
https://www.tradingview.com/sparks/entries/bank-stocks-banking-on-wall-street/,sparks,entries,bank-stocks-banking-on-wall-street
https://www.tradingview.com/sparks/entries/midstream-oil-the-middlemen-of-the-energy-sector/,sparks,entries,midstream-oil-the-middlemen-of-the-energy-sector
https://www.tradingview.com/sparks/entries/aerospace-stocks-birds-of-steel/,sparks,entries,aerospace-stocks-birds-of-steel
https://www.tradingview.com/sparks/entries/faang-stocks-the-big-uns/,sparks,entries,faang-stocks-the-big-uns
https://www.tradingview.com/sparks/entries/education-stocks-learning-to-be-profitable/,sparks,entries,education-stocks-learning-to-be-profitable
https://www.tradingview.com/sparks/entries/single-offering-stocks-single-and-ready-to-mingle/,sparks,entries,single-offering-stocks-single-and-ready-to-mingle
https://www.tradingview.com/sparks/entries/defi-tokens-finance-20/,sparks,entries,defi-tokens-finance-20
https://www.tradingview.com/sparks/entries/saudi-stocks-edging-away-from-oil/,sparks,entries,saudi-stocks-edging-away-from-oil
https://www.tradingview.com/sparks/entries/romance-stocks-sweethearts-or-heartbreakers/,sparks,entries,romance-stocks-sweethearts-or-heartbreakers
https://www.tradingview.com/sparks/entries/silver-stocks-second-place-precious-metal/,sparks,entries,silver-stocks-second-place-precious-metal
https://www.tradingview.com/sparks/entries/nft-exposure-stocks-fungible-gains/,sparks,entries,nft-exposure-stocks-fungible-gains
https://www.tradingview.com/sparks/entries/filesharing-crypto-decentralized-file-sharing/,sparks,entries,filesharing-crypto-decentralized-file-sharing
https://www.tradingview.com/sparks/entries/staking-coins-pick-up-a-stake/,sparks,entries,staking-coins-pick-up-a-stake
https://www.tradingview.com/sparks/entries/cruise-stocks-taking-to-the-high-seas/,sparks,entries,cruise-stocks-taking-to-the-high-seas
https://www.tradingview.com/sparks/entries/japan-land-of-the-rising-stocks/,sparks,entries,japan-land-of-the-rising-stocks
https://www.tradingview.com/sparks/entries/taiwan-stocks-booming-electronics/,sparks,entries,taiwan-stocks-booming-electronics
https://www.tradingview.com/sparks/entries/us-truck-stocks-state-to-state-supply/,sparks,entries,us-truck-stocks-state-to-state-supply
https://www.tradingview.com/sparks/entries/baby-stocks-top-infant-focused-company-stocks/,sparks,entries,baby-stocks-top-infant-focused-company-stocks
https://www.tradingview.com/sparks/entries/polkadot-ecosystem-spot-the-best/,sparks,entries,polkadot-ecosystem-spot-the-best
https://www.tradingview.com/sparks/entries/insurance-stocks-covering-all-bases/,sparks,entries,insurance-stocks-covering-all-bases
https://www.tradingview.com/sparks/entries/german-stocks-continental-champs/,sparks,entries,german-stocks-continental-champs
https://www.tradingview.com/sparks/entries/chile-chilean-charm/,sparks,entries,chile-chilean-charm
https://www.tradingview.com/sparks/entries/vegan-stocks-meat-free/,sparks,entries,vegan-stocks-meat-free
https://www.tradingview.com/sparks/entries/e-commerce-crypto-retail-therapy-goes-digital/,sparks,entries,e-commerce-crypto-retail-therapy-goes-digital
https://www.tradingview.com/sparks/entries/ai-coins-robots-are-here/,sparks,entries,ai-coins-robots-are-here
https://www.tradingview.com/sparks/entries/metaverse-tokens-vr-crypto-for-a-vr-world/,sparks,entries,metaverse-tokens-vr-crypto-for-a-vr-world
https://www.tradingview.com/sparks/entries/big-tech-stocks-a-brave-new-world/,sparks,entries,big-tech-stocks-a-brave-new-world
https://www.tradingview.com/sparks/entries/electronic-stocks-an-electric-investment/,sparks,entries,electronic-stocks-an-electric-investment
https://www.tradingview.com/sparks/entries/the-big-four-nah-the-big-five/,sparks,entries,the-big-four-nah-the-big-five
https://www.tradingview.com/sparks/entries/console-stocks-portfolio-power-ups/,sparks,entries,console-stocks-portfolio-power-ups
https://www.tradingview.com/sparks/entries/eco-friendly-crypto-tokens-green-cryptocurrencies/,sparks,entries,eco-friendly-crypto-tokens-green-cryptocurrencies
https://www.tradingview.com/sparks/entries/chinese-stocks-rise-of-a-superpower/,sparks,entries,chinese-stocks-rise-of-a-superpower
https://www.tradingview.com/sparks/entries/proof-of-stake-seeking-validation/,sparks,entries,proof-of-stake-seeking-validation
https://www.tradingview.com/sparks/entries/lithium-stocks-powering-portfolios/,sparks,entries,lithium-stocks-powering-portfolios
https://www.tradingview.com/sparks/entries/argentina-tango-to-the-top/,sparks,entries,argentina-tango-to-the-top
https://www.tradingview.com/sparks/entries/industrial-stocks-engineer-your-investing/,sparks,entries,industrial-stocks-engineer-your-investing
https://www.tradingview.com/sparks/entries/female-led-stocks-who-rules-the-world/,sparks,entries,female-led-stocks-who-rules-the-world
https://www.tradingview.com/sparks/entries/worlds-oldest-companies-old-age-performers/,sparks,entries,worlds-oldest-companies-old-age-performers
https://www.tradingview.com/sparks/entries/uk-stocks-best-of-british/,sparks,entries,uk-stocks-best-of-british
https://www.tradingview.com/sparks/entries/big-pharma-stocks-top-pharmaceutical-firms/,sparks,entries,big-pharma-stocks-top-pharmaceutical-firms
https://www.tradingview.com/sparks/entries/mobile-gaming-stocks-pay-to-win/,sparks,entries,mobile-gaming-stocks-pay-to-win
https://www.tradingview.com/sparks/entries/south-africa-stocks-us-listed-sa-stocks/,sparks,entries,south-africa-stocks-us-listed-sa-stocks
https://www.tradingview.com/sparks/entries/online-education-stocks-buckle-down/,sparks,entries,online-education-stocks-buckle-down
https://www.tradingview.com/sparks/entries/us-stocks-all-american-heroes/,sparks,entries,us-stocks-all-american-heroes
https://www.tradingview.com/sparks/entries/wrapped-tokens-cross-blockchain-cryptocurrencies/,sparks,entries,wrapped-tokens-cross-blockchain-cryptocurrencies
https://www.tradingview.com/sparks/entries/mlb-stocks-moneyball/,sparks,entries,mlb-stocks-moneyball
https://www.tradingview.com/sparks/entries/recession-proof-stocks-bucking-the-trend/,sparks,entries,recession-proof-stocks-bucking-the-trend
https://www.tradingview.com/sparks/entries/hedge-fund-stocks-hedge-your-bets/,sparks,entries,hedge-fund-stocks-hedge-your-bets
https://www.tradingview.com/sparks/entries/crypto-tokens-chips-and-dips/,sparks,entries,crypto-tokens-chips-and-dips
https://www.tradingview.com/sparks/entries/japanese-banking-stocks/,sparks,entries,japanese-banking-stocks
https://www.tradingview.com/sparks/entries/decentralized-exchange-tokens-risky-business/,sparks,entries,decentralized-exchange-tokens-risky-business
https://www.tradingview.com/sparks/entries/diversity-stocks-most-diverse-inclusive-employers/,sparks,entries,diversity-stocks-most-diverse-inclusive-employers
https://www.tradingview.com/sparks/entries/cancer-research-stocks-oncology-pharmaceutical-market/,sparks,entries,cancer-research-stocks-oncology-pharmaceutical-market
https://www.tradingview.com/sparks/entries/software-stocks-us-companies-at-our-finger-tips/,sparks,entries,software-stocks-us-companies-at-our-finger-tips
https://www.tradingview.com/sparks/entries/fmcg-stocks-consumer-goods-investments/,sparks,entries,fmcg-stocks-consumer-goods-investments
https://www.tradingview.com/sparks/entries/eth-based-crypto-find-your-utility/,sparks,entries,eth-based-crypto-find-your-utility
https://www.tradingview.com/sparks/entries/companies-that-have-become-verbs-or-nouns-just-google-it/,sparks,entries,companies-that-have-become-verbs-or-nouns-just-google-it
https://www.tradingview.com/sparks/entries/proof-of-work-embracing-the-crunch/,sparks,entries,proof-of-work-embracing-the-crunch
https://www.tradingview.com/sparks/entries/self-drive-stocks-cars-of-the-future/,sparks,entries,self-drive-stocks-cars-of-the-future
https://www.tradingview.com/sparks/entries/biotech-stocks-a-shot-in-the-arm/,sparks,entries,biotech-stocks-a-shot-in-the-arm
https://www.tradingview.com/sparks/entries/covid-vaccine-stocks-jabtastic/,sparks,entries,covid-vaccine-stocks-jabtastic
https://www.tradingview.com/sparks/entries/low-cap-oncology-stocks-small-companies-fighting-cancer/,sparks,entries,low-cap-oncology-stocks-small-companies-fighting-cancer
https://www.tradingview.com/sparks/entries/social-media-stocks-share-the-wealth/,sparks,entries,social-media-stocks-share-the-wealth
https://www.tradingview.com/sparks/entries/smart-contracts-make-the-smart-decision/,sparks,entries,smart-contracts-make-the-smart-decision
https://www.tradingview.com/sparks/entries/childrens-toy-stocks-playtime-picks/,sparks,entries,childrens-toy-stocks-playtime-picks
https://www.tradingview.com/sparks/entries/media-stocks-life-in-the-spotlight/,sparks,entries,media-stocks-life-in-the-spotlight
https://www.tradingview.com/sparks/entries/tv-broadcasting-stocks-on-air/,sparks,entries,tv-broadcasting-stocks-on-air
https://www.tradingview.com/sparks/entries/stablecoins-strong-stable-and-fully-decentralized-ish/,sparks,entries,stablecoins-strong-stable-and-fully-decentralized-ish
https://www.tradingview.com/sparks/entries/vr-stocks-get-your-virtual-kicks/,sparks,entries,vr-stocks-get-your-virtual-kicks
https://www.tradingview.com/sparks/entries/maternity-leave-stocks-best-new-parent-employers/,sparks,entries,maternity-leave-stocks-best-new-parent-employers
https://www.tradingview.com/sparks/entries/centralized-exchange-tokens-stuck-in-the-middle-with-you/,sparks,entries,centralized-exchange-tokens-stuck-in-the-middle-with-you
https://www.tradingview.com/sparks/entries/electric-vehicle-stocks-ev-cars-and-trucks/,sparks,entries,electric-vehicle-stocks-ev-cars-and-trucks
https://www.tradingview.com/sparks/entries/music-stocks-major-streaming-services/,sparks,entries,music-stocks-major-streaming-services
https://www.tradingview.com/sparks/entries/up-and-coming-crypto-new-kids-on-the-block/,sparks,entries,up-and-coming-crypto-new-kids-on-the-block
